archetype,deck,list_id,source,date,event,pilot,camp,category,confidence,regime,origin,verifier,verdict,reason,verifier_reason
goryos,Goryo's,modern-league-2026-07-1410847#GabbaAndrewTeam,mtgo,2026-07-14,Modern League,GabbaAndrewTeam,non-fallaji,hybrid,high,post,both,keep,exclude: Persist is its own deck,"An Esper Persist reanimator engine (3 Persist, 2 Archon of Cruelty, 2 Emeritus of Ideation, 1 Emperor of Bones, 3 Dina's Guidance) beside a cut Goryo's core of 3 Goryo's Vengeance, 2 Atraxa, 3 Ephemerate and no Griselbrand; it is one of only two members at 2 Atraxa and under 4 Goryo's Vengeance, and the only two holding any Persist card.",
goryos,Goryo's,modern-league-2026-07-1710847#chapaking8,mtgo,2026-07-17,Modern League,chapaking8,non-fallaji,hybrid,high,post,both,keep,exclude: Persist is its own deck,"The same Persist package (3 Persist, 2 Archon of Cruelty, 2 Emeritus of Ideation, 1 Emperor of Bones, 3 Dina's Guidance) over 3 Goryo's Vengeance, 2 Atraxa and no Griselbrand, three days after 19894; the pilot's two June league lists (17369, 18272) are a pure 4 Persist and 4 Frog deck with no Goryo's Vengeance, which confirms this is his Persist deck merged with Goryo's.",
goryos,Goryo's,modern-challenge-64-2026-07-2012847717#ador,mtgo,2026-07-20,Modern Challenge 64,ador,non-fallaji,hybrid,medium,post,both,drop,keep: hybrid whose engine is Goryo's,"A Goryo's list carrying Blink's package (3 Phelia, Exuberant Shepherd, 3 Overlord of the Balemurk, 2 Witch Enchanter) on 19 lands with no Griselbrand, Thoughtseize or Faithful Mending, straddling Goryo's and Esper Blink and distorting the non-fallaji land count and staple readings.","Dropped against both passes: the whole Goryo's engine is intact at 4 Goryo's Vengeance, 4 Atraxa, 4 Ephemerate, 4 Solitude, 4 Psychic Frog and 4 Quantum Riddler, and the docs already rule that a Goryo's list carrying Blink's package is Goryo's, so 3 Phelia, 3 Overlord of the Balemurk and 2 Witch Enchanter replacing Griselbrand, Thoughtseize and Faithful Mending on 19 lands reads as one pilot's 4-3 experiment inside the same engine rather than a second deck."
goryos,Goryo's,melee:6500791c-61b8-4f75-8aae-b4bc00202f97,melee,2026-09-05,Spotlight Dallas,Malikrobinson93,fallaji,hybrid,high,post,both,keep,exclude: Woodland Omniscience combo,"A four-colour Shifting Woodland Omniscience combo deck (4 Shifting Woodland, 3 Omniscience, 4 Malevolent Rumble, 2 Awaken the Honored Dead, 1 Nexus of Fate, 3 Flare of Denial) bolted onto the Goryo's reanimation core (4 Goryo's Vengeance, 4 Atraxa, 4 Fallaji Archaeologist, 1 Griselbrand) with a single Ephemerate and no Solitude, so the blink half the rule stands on is absent; both passes called it different-deck, I call it a two-combo hybrid because the full Goryo's reanimation core is intact, and either way it stays out.",
blink,Esper Blink,modern-league-2026-07-2510847#taku123,mtgo,2026-07-25,Modern League,taku123,esper,different-deck,high,post,both,keep,exclude: Overlords enchantment deck,"Post-ban: Estrid's Invocation 4, Overlord of the Floodpits 4, Momentum Breaker 4, Hopeless Nightmare 4 and Prismatic Ending 4 with no Ephemerate, Thoughtseize, Fatal Push, Quantum Riddler, Teferi or Emperor of Bones is an Esper Overlords enchantment deck carrying the four blink creatures, and the pilot's 11683 a week earlier is the same Floodpits and Momentum Breaker deck on Heartless Summoning without Flickerwisp or Balemurk.",
blink,Esper Blink,,mtgo,2026-03-01,Modern League,dabigatran,esper,hybrid,medium,pre,both,keep,exclude: energy engine is a different deck,"Pre-ban: Guide of Souls 4 and Ocelot Pride 4 in place of Fatal Push, Emperor of Bones and Prismatic Ending beside a full Esper shell (Ephemerate 4, Quantum Riddler 4, Thoughtseize 4, Teferi 3) is the weakest of the four Guide lists, but eight energy engine creatures is the same package the Jeppebc and TOP_AI lists carry and a pilot would call it energy blink; kept for consistency with the Guide of Souls exclusion, at medium rather than high.",
blink,Esper Blink,,mtgo,2026-03-02,Modern Challenge 32,JJ,orzhov,hybrid,medium,pre,both,keep,exclude: Stoneblade,"Pre-ban: Stoneforge Mystic 4 with Kaldra Compleat, Meteor Sword, Lion Sash and Dissection Tools, Aether Vial 3 and Emptiness 4 with no Ephemerate and Thoughtseize sideboarded is an Orzhov Stoneblade package on the blink creatures; the pilot's later Vial lists (19847 onward) drop the equipment and run Ephemerate 4 and are the Orzhov version, which this is not.",
blink,Esper Blink,,mtgo,2026-03-29,Modern League,Jeppebc,orzhov,hybrid,medium,pre,both,keep,exclude: energy engine is a different deck,"Pre-ban: Guide of Souls 4, Ocelot Pride 4 and Ranger-Captain of Eos 2 on Windswept Heath 4 and Idyllic Grange 2 with no Ephemerate and Witch Enchanter down to 2 is the pilot's February white energy-blink deck (12467, Guide, Ocelot, Ranger-Captain, no Balemurk or Flickerwisp) after it picked up Balemurk and black, a hybrid rather than the blink deck.",
blink,Esper Blink,,mtgo,2026-04-10,Modern League,Jeppebc,orzhov,hybrid,medium,pre,both,keep,exclude: energy engine is a different deck,"Pre-ban: the identical mainboard to 13848 (Guide of Souls 4, Ocelot Pride 4, Ranger-Captain of Eos 2, no Ephemerate, Witch Enchanter 2) republished with a changed sideboard; same hybrid, and two rows is two lists, so it is quarantined on its own content and not as a duplicate.",
blink,Esper Blink,modern-league-2026-05-2210628#TOP_AI#2,mtgo,2026-05-22,Modern League,TOP_AI,orzhov,hybrid,medium,post,both,keep,exclude: energy engine is a different deck,"Post-ban: Guide of Souls 4, Ocelot Pride 4, Starfield Shepherd 3 and Decorum Dissertation 2 (13 energy cards) beside the blink suite with Ephemerate, Flickerwisp and Thoughtseize each cut to 2 is an Orzhov energy-blink hybrid, and the same pilot's 18662 a month later is stock Esper Blink with none of them; its Bloodstained Mire fetches no red source and is not the reason.",
blink,Esper Blink,modern-challenge-16-2026-09-0512853780#UomoComune26490,mtgo,2026-09-05,Modern Challenge 16,UomoComune26490,esper,hybrid,medium,post,both,keep,exclude: Vial taxes deck,"Post-ban: Aether Vial 4, Tidehollow Sculler 4, Spell Queller 2, Skyclave Apparition, Wasteland Strangler, Charming Prince, Ulamog's Nullifier and Accursed Marauder with Thoughtseize and Fatal Push out of the mainboard is an Esper Vial taxes shell on the blink core, the only Esper list on Vial, and the same pilot's May list 3720 is stock Esper Blink; one list in 573 distorts nothing, so it is kept on identity alone.",
oswald,UW Oswald,modern-league-2026-08-2710983#chinotron23,mtgo,2026-08-27,Modern League,chinotron23,,different-deck,high,post,both,keep,exclude: Kappa artifact deck,"Post-ban Kappa/Pinnacle/Krang artifact deck (4 Kappa Cannoneer, 4 Pinnacle Emissary, 4 Welding Jar, 4 Tormod's Crypt, 2 Krang, Master Mind) with 2 Oswald and a one-of Station/Skateboard/Cam bolted on, no Loki, Tamiyo or mainboard Rebuke; the same pilot's 10691 nine days later is the identical deck with Oswald and Station cut, which settles it as a different deck.",
oswald,UW Oswald,modern-league-2026-09-0410983#chinotron23,mtgo,2026-09-04,Modern League,chinotron23,,different-deck,high,post,both,keep,exclude: Kappa artifact deck,"Post-ban sibling of 22362: 4 Kappa Cannoneer, 4 Pinnacle Emissary, 4 Welding Jar, 4 Tormod's Crypt, 1 Krang, Master Mind, Fiery Islet and Steam Vents, with 2 Oswald and 1 Grinding Station, no Loki; lowest core_share in the population and the pilot's next list (10691) drops Oswald and Station entirely.",
zoo,Domain Zoo,,mtgo,2026-02-02,Modern Challenge 32,soggymeatball,pre/frog,different-deck,high,pre,both,keep,exclude: Persist is its own deck,"Pre-ban Persist reanimator: 4 Persist, 4 Archon of Cruelty, 4 Aurora Awakener, 4 Faithless Looting with Frog as the discard outlet, Kavu and Scion as domain bodies, no Ragavan, Bolt or Stubborn Denial.",
zoo,Domain Zoo,,mtgo,2026-02-02,Modern Challenge 32,ItBurnsWhenICast,pre/frog,different-deck,high,pre,both,keep,exclude: Persist is its own deck,"Pre-ban Persist reanimator: 4 Persist, 4 Archon of Cruelty, 4 Aurora Awakener, 4 Faithless Looting, Fatal Push, no Ragavan, Bolt or Stubborn Denial.",
zoo,Domain Zoo,,mtgo,2026-02-13,Modern League,nahuel10,pre/frog,different-deck,high,pre,both,keep,exclude: Persist is its own deck,"Pre-ban Persist reanimator: 4 Persist, 4 Archon of Cruelty, 4 Aurora Awakener, 4 Faithless Looting, Glasspool Mimic, no Ragavan or Stubborn Denial.",
zoo,Domain Zoo,,mtgo,2026-02-14,Modern Challenge 32,Zolazar,pre/frog,different-deck,high,pre,both,keep,exclude: Persist is its own deck,"Pre-ban Persist reanimator: 4 Persist, 4 Archon of Cruelty, 4 Aurora Awakener, 4 Faithless Looting, Victimize and Fatal Push, no Ragavan, Bolt or Stubborn Denial.",
zoo,Domain Zoo,,mtgo,2026-02-22,Modern Challenge 32,Zolazar,pre/frog,different-deck,high,pre,both,keep,exclude: Persist is its own deck,"Pre-ban Persist reanimator: 4 Persist, 4 Archon of Cruelty, 4 Aurora Awakener, 4 Faithless Looting, no Ragavan or Stubborn Denial.",
zoo,Domain Zoo,,mtgo,2026-02-23,Modern Challenge 32,Zolazar,pre/frog,different-deck,high,pre,both,keep,exclude: Persist is its own deck,"Pre-ban Persist reanimator: 4 Persist, 4 Archon of Cruelty, 4 Aurora Awakener, 4 Faithless Looting, no Ragavan or Stubborn Denial.",
zoo,Domain Zoo,,mtgo,2026-02-28,Modern Challenge 64,D00mwake,pre/frog,different-deck,high,pre,both,keep,exclude: Persist is its own deck,"Pre-ban Persist reanimator: 4 Persist, 4 Archon of Cruelty, 4 Aurora Awakener, 4 Faithless Looting, no Ragavan or Stubborn Denial.",
zoo,Domain Zoo,,mtgo,2026-03-01,Modern Showcase Challenge,Zolazar,pre/frog,different-deck,high,pre,both,keep,exclude: Persist is its own deck,"Pre-ban Persist reanimator: 4 Persist, 4 Archon of Cruelty, 4 Aurora Awakener, 4 Faithless Looting, Emperor of Bones, no Ragavan or Stubborn Denial.",
zoo,Domain Zoo,,mtgo,2026-03-02,Modern Challenge 32,Zolazar,pre/frog,different-deck,high,pre,both,keep,exclude: Persist is its own deck,"Pre-ban Persist reanimator: 4 Persist, 4 Archon of Cruelty, 4 Aurora Awakener, 4 Faithless Looting, Emperor of Bones, no Ragavan or Stubborn Denial.",
zoo,Domain Zoo,,mtgo,2026-03-02,Modern League,MKC,pre/frog,different-deck,high,pre,both,keep,exclude: Persist is its own deck,"Pre-ban Persist reanimator: 4 Persist, 4 Archon of Cruelty, 4 Aurora Awakener, 4 Faithless Looting, no Ragavan or Stubborn Denial.",
zoo,Domain Zoo,,mtgo,2026-03-05,Modern Challenge 64,MKC,pre/frog,different-deck,high,pre,both,keep,exclude: Persist is its own deck,"Pre-ban Persist reanimator: 4 Persist, 4 Archon of Cruelty, 4 Aurora Awakener, 4 Faithless Looting, Emperor of Bones, no Ragavan or Stubborn Denial.",
zoo,Domain Zoo,,mtgo,2026-03-07,Modern Challenge 64,Zolazar,pre/frog,different-deck,high,pre,both,keep,exclude: Persist is its own deck,"Pre-ban Persist reanimator: 4 Persist, 4 Archon of Cruelty, 4 Aurora Awakener, 4 Faithless Looting, Emperor of Bones, no Ragavan or Stubborn Denial.",
zoo,Domain Zoo,,mtgo,2026-03-08,Modern League,Thehowlingmine1,pre/traditional,different-deck,high,pre,both,keep,exclude: Persist is its own deck,"Pre-ban Persist reanimator without Frog, sitting in the traditional camp: 4 Persist, 4 Archon of Cruelty, 4 Aurora Awakener, 4 Emperor of Bones, 4 Faithless Looting, 3 Faithful Mending, no Ragavan or Stubborn Denial.",
zoo,Domain Zoo,,mtgo,2026-03-17,Modern League,Katla,pre/traditional,different-deck,high,pre,both,keep,exclude: five-colour Living End,"Pre-ban five-colour Living End: 3 Living End, 4 Bloodbraid Marauder, 4 Malevolent Rumble, 3 Overlord of the Balemurk, Generous Ent, Oliphaunt and Incubation on 16 lands, Kavu and Scion as the cascade-proof beaters, no Ragavan or Bolt.",
zoo,Domain Zoo,,mtgo,2026-03-20,Modern League,SknerusMcKwacz,pre/frog,different-deck,high,pre,both,keep,exclude: Persist is its own deck,"Pre-ban Persist reanimator: 4 Persist, 4 Archon of Cruelty, 4 Aurora Awakener, 3 Emperor of Bones, 4 Faithless Looting, Tainted Indulgence, Leyline Binding cut to 1, no Ragavan.",
zoo,Domain Zoo,,mtgo,2026-03-23,Modern League,SknerusMcKwacz,pre/frog,different-deck,high,pre,both,keep,exclude: Persist is its own deck,"Pre-ban Persist reanimator: 4 Persist, 4 Archon of Cruelty, 4 Emperor of Bones, 3 Aurora Awakener, 4 Faithless Looting, Unmarked Grave, no mainboard Leyline Binding and no Ragavan.",
zoo,Domain Zoo,,mtgo,2026-03-27,Modern League,Sonkerz,pre/frog,different-deck,high,pre,both,keep,exclude: Persist is its own deck,"Pre-ban Persist reanimator: 4 Persist, 4 Archon of Cruelty, 4 Faithless Looting, 3 Invasion of Amonkhet as the extra discard outlet, no Ragavan or Stubborn Denial.",
zoo,Domain Zoo,,mtgo,2026-04-03,Modern League,MagicAlex1408,pre/frog,different-deck,high,pre,both,keep,exclude: Persist is its own deck,"Pre-ban Persist reanimator: 4 Persist, 4 Archon of Cruelty, 4 Aurora Awakener, 4 Faithless Looting, no Ragavan or Stubborn Denial.",
zoo,Domain Zoo,,mtgo,2026-04-08,Modern League,Katla,pre/traditional,different-deck,high,pre,both,keep,exclude: five-colour Living End,"Pre-ban five-colour Living End: 3 Living End, 4 Bloodbraid Marauder, 4 Malevolent Rumble, Generous Ent, Oliphaunt and Overlord of the Balemurk on 16 lands, no Ragavan or Bolt.",
zoo,Domain Zoo,,mtgo,2026-04-21,Modern Challenge 32,Scooby_Snacks,pre/frog,different-deck,high,pre,both,keep,exclude: Persist is its own deck,"Pre-ban Persist reanimator: 4 Persist, 4 Archon of Cruelty, 4 Aurora Awakener, 3 Emperor of Bones, 4 Faithless Looting, Leyline Binding cut to 2, no Ragavan.",
zoo,Domain Zoo,,mtgo,2026-04-21,Modern League,Dinces,pre/frog,different-deck,high,pre,both,keep,exclude: Persist is its own deck,"Pre-ban Persist reanimator, the same 75 as Scooby_Snacks 2999: 4 Persist, 4 Archon of Cruelty, 4 Aurora Awakener, 3 Emperor of Bones, 4 Faithless Looting, no Ragavan.",
zoo,Domain Zoo,,mtgo,2026-04-25,Modern Challenge 32,ItBurnsWhenICast,pre/frog,different-deck,high,pre,both,keep,exclude: Persist is its own deck,"Pre-ban Persist reanimator: 4 Persist, 4 Archon of Cruelty, 4 Aurora Awakener, 4 Faithless Looting, 3 Spell Pierce, no Ragavan or Bolt.",
zoo,Domain Zoo,,mtgo,2026-05-15,Modern League,Alexch,pre/frog,different-deck,high,pre,both,keep,exclude: Persist is its own deck,"Pre-ban Persist reanimator: 4 Persist, 4 Archon of Cruelty, 4 Aurora Awakener, 4 Faithless Looting, Summoning Trap, no Ragavan or Stubborn Denial.",
zoo,Domain Zoo,modern-league-2026-05-1910628#Katla,mtgo,2026-05-19,Modern League,Katla,post/traditional,different-deck,high,post,both,keep,exclude: five-colour Living End,"Five-colour Living End: 3 Living End, 4 Bloodbraid Marauder, 4 Malevolent Rumble, 4 Overlord of the Balemurk, Generous Ent and Oliphaunt on 16 lands, no Ragavan or Bolt.",
zoo,Domain Zoo,modern-challenge-32-2026-05-3112843420#Poily,mtgo,2026-05-31,Modern Challenge 32,Poily,post/frog,different-deck,high,post,both,keep,exclude: Persist is its own deck,"Post-ban Persist reanimator: 4 Persist, 4 Archon of Cruelty, 4 Aurora Awakener, 4 Faithless Looting, Emperor of Bones, no Ragavan or Stubborn Denial.",
zoo,Domain Zoo,modern-league-2026-06-0610628#THEFALLEN11,mtgo,2026-06-06,Modern League,THEFALLEN11,post/traditional,different-deck,high,post,both,keep,exclude: Persist is its own deck,"Post-ban Persist reanimator without Frog, sitting in the tracked traditional camp: 4 Persist, 4 Archon of Cruelty, 4 Aurora Awakener, 4 Emperor of Bones, 4 Faithless Looting, 3 Faithful Mending, no Ragavan or Stubborn Denial.",
zoo,Domain Zoo,modern-rc-super-qualifier-2026-06-0712843920#Katla,mtgo,2026-06-07,Modern RC Super Qualifier,Katla,post/traditional,different-deck,high,post,both,keep,exclude: five-colour Living End,"Five-colour Living End: 3 Living End, 4 Bloodbraid Marauder, 4 Malevolent Rumble, 4 Overlord of the Balemurk, Generous Ent and Oliphaunt on 16 lands, no Ragavan or Bolt.",
zoo,Domain Zoo,modern-league-2026-06-0910628#TheRealestDeal,mtgo,2026-06-09,Modern League,TheRealestDeal,post/traditional,different-deck,high,post,both,keep,exclude: five-colour Living End,"Katla's five-colour Living End card for card: 3 Living End, 4 Bloodbraid Marauder, 4 Malevolent Rumble, 4 Overlord of the Balemurk, Generous Ent and Oliphaunt on 16 lands, no Ragavan or Bolt.",
zoo,Domain Zoo,modern-league-2026-06-1410628#ecoeon,mtgo,2026-06-14,Modern League,ecoeon,post/frog,different-deck,high,post,both,keep,exclude: Persist is its own deck,"Post-ban Persist reanimator: 4 Persist, 4 Archon of Cruelty, 4 Aurora Awakener, 4 Faithless Looting, Emperor of Bones, no Ragavan or Stubborn Denial.",
zoo,Domain Zoo,melee:b67b6c7b-4a85-40f9-9308-b4af0046646f,melee,2026-08-29,Spotlight Brisbane,gyurme,post/traditional,different-deck,high,post,both,keep,exclude: five-colour Living End,"Registered by the pilot as W-U-B-R-G Living End and it is Katla's build: 3 Living End, 4 Bloodbraid Marauder, 4 Malevolent Rumble, 4 Overlord of the Balemurk, Generous Ent and Oliphaunt beside Kavu and Scion, no Ragavan or Bolt.",
zoo,Domain Zoo,modern-league-2026-08-3110983#Katla,mtgo,2026-08-31,Modern League,Katla,post/traditional,different-deck,high,post,both,keep,exclude: five-colour Living End,"Five-colour Living End: 3 Living End, 4 Bloodbraid Marauder, 4 Malevolent Rumble, Generous Ent, Oliphaunt, 3 Glassdust Hulk and Incubation on 16 lands, no Ragavan or Bolt.",
zoo,Domain Zoo,modern-league-2026-09-1110983#Katla,mtgo,2026-09-11,Modern League,Katla,post/traditional,different-deck,high,post,both,keep,exclude: five-colour Living End,"Five-colour Living End: 3 Living End, 4 Bloodbraid Marauder, 4 Malevolent Rumble, Generous Ent, Oliphaunt, 3 Solitude and Eladamri's Call on 16 lands, no Ragavan or Bolt.",
zoo,Domain Zoo,modern-league-2026-05-2610628#dack_fayden07#2,mtgo,2026-05-26,Modern League,dack_fayden07,post/traditional,hybrid,medium,post,both,keep,exclude: energy engine is a different deck,"Five-colour energy: the full Boros Energy signature (4 Guide of Souls, 4 Ocelot Pride, 4 Ajani, 3 Goblin Bombardment) plus 4 Galvanic Discharge in place of Bolt, Riddler and Stubborn Denial, over Kavu, Scion, both Leylines and 3 Ragavan; it fails Boros Energy's colour rule so lands only here, and would put five energy four-ofs at about a tenth of the tracked camp's opening fortnight bins.",
zoo,Domain Zoo,modern-league-2026-05-2910628#Joy1,mtgo,2026-05-29,Modern League,Joy1,post/traditional,hybrid,medium,post,both,keep,exclude: energy engine is a different deck,"The same five-colour energy mainboard as 16780: 4 Guide of Souls, 4 Ocelot Pride, 4 Ajani, 3 Goblin Bombardment, 4 Galvanic Discharge over the Kavu and Scion shell, no Bolt, Riddler or mainboard Stubborn Denial.",
zoo,Domain Zoo,modern-league-2026-05-3010628#DaftendirektMTG,mtgo,2026-05-30,Modern League,DaftendirektMTG,post/traditional,hybrid,medium,post,both,keep,exclude: energy engine is a different deck,"The same five-colour energy mainboard as 16780: 4 Guide of Souls, 4 Ocelot Pride, 4 Ajani, 3 Goblin Bombardment, 4 Galvanic Discharge over the Kavu and Scion shell, no Bolt, Riddler or mainboard Stubborn Denial.",
zoo,Domain Zoo,modern-challenge-32-2026-05-3112843416#mchlpp,mtgo,2026-05-31,Modern Challenge 32,mchlpp,post/traditional,hybrid,medium,post,both,keep,exclude: energy engine is a different deck,"The same five-colour energy mainboard as 16780: 4 Guide of Souls, 4 Ocelot Pride, 4 Ajani, 3 Goblin Bombardment, 4 Galvanic Discharge over the Kavu and Scion shell, no Bolt, Riddler or mainboard Stubborn Denial.",
zoo,Domain Zoo,modern-league-2026-06-0410628#CliffBoyardee,mtgo,2026-06-04,Modern League,CliffBoyardee,post/traditional,hybrid,medium,post,both,keep,exclude: energy engine is a different deck,"The five-colour energy list with a Mountain for the Blood Crypt: 4 Guide of Souls, 4 Ocelot Pride, 4 Ajani, 3 Goblin Bombardment, 4 Galvanic Discharge over the Kavu and Scion shell, no Bolt, Riddler or mainboard Stubborn Denial.",
zoo,Domain Zoo,modern-league-2026-06-0410628#taldoitalo,mtgo,2026-06-04,Modern League,taldoitalo,post/traditional,hybrid,medium,post,both,keep,exclude: energy engine is a different deck,"The five-colour energy list with a Mountain for the Blood Crypt, the same 75 as 17388: 4 Guide of Souls, 4 Ocelot Pride, 4 Ajani, 3 Goblin Bombardment, 4 Galvanic Discharge over the Kavu and Scion shell, no Bolt or Riddler.",
zoo,Domain Zoo,modern-challenge-32-2026-06-0612843794#stefansson30952,mtgo,2026-06-06,Modern Challenge 32,stefansson30952,post/traditional,hybrid,medium,post,both,keep,exclude: energy engine is a different deck,"The five-colour energy list with a Mountain for the Blood Crypt: 4 Guide of Souls, 4 Ocelot Pride, 4 Ajani, 3 Goblin Bombardment, 4 Galvanic Discharge over the Kavu and Scion shell, no Bolt or Riddler.",
broodscale,Broodscale,,mtgo,2026-02-25,Modern League,RandomGameActions,mono-green,different-deck,high,pre,both,keep,exclude: Yawgmoth or Cauldron deck without the Eldrazi shell,"Pre-ban Golgari Yawgmoth toolbox: Yawgmoth, Grist, Green Sun's Zenith 3, Dryad Arbor, Young Wolf 3, Agatha's Soul Cauldron 4, Badgermole Cub 3 and Overgrown Tomb, with no Eldrazi Temple, Kozilek's Command, Fleshraker, Stirrings or Emrakul and Blade cut to 2; both passes agree and I concur.",
broodscale,Broodscale,,mtgo,2026-03-02,Modern Challenge 32,Bmadman,mono-green,different-deck,high,pre,both,keep,exclude: Yawgmoth or Cauldron deck without the Eldrazi shell,"Pre-ban Golgari Yawgmoth: Yawgmoth, Grist 4, Young Wolf 4, Agatha's Soul Cauldron 4, Dredger's Insight 3, Wall of Roots 2 and Overgrown Tomb 3, with no Eldrazi Temple, Kozilek's Command, Fleshraker or Emrakul and only 2 Blade of the Bloodchief; both passes agree.",
broodscale,Broodscale,,mtgo,2026-05-13,Modern League,ArsonBjork,mono-green,different-deck,high,pre,both,keep,exclude: Yawgmoth or Cauldron deck without the Eldrazi shell,"Pre-ban Golgari Cauldron combo on Agatha's Soul Cauldron 4, Young Wolf 4, Walking Ballista 4, Invasion of Ikoria 4, Spymaster's Vault, Ignoble Hierarch and Overgrown Tomb, with none of Eldrazi Temple, Kozilek's Command, Fleshraker, Stirrings or Emrakul, so Broodscale and Blade are one combo inside a different shell; both passes agree.",
broodscale,Broodscale,melee:c3ee884a-3f6f-4428-b084-b4b400aa7508,melee,2026-08-29,Spotlight Brisbane,Dimmer,mono-green,different-deck,high,post,both,keep,exclude: Yawgmoth or Cauldron deck without the Eldrazi shell,"Post-ban Golgari Yawgmoth by the pilot's own name, and the board agrees: Yawgmoth, Grist 3, Young Wolf 4, Agatha's Soul Cauldron 4, Dredger's Insight 3, Tezzeret and Overgrown Tomb 3, with no Eldrazi Temple or Kozilek's Command; both passes agree.",
broodscale,Broodscale,,mtgo,2026-03-08,Modern Challenge 32,VenerableLammasu,mono-green,hybrid,medium,pre,prior,drop,"exclude: hybrid brew, out for now","Pre-ban Karn Forge artifact hybrid: Karn, the Great Creator 4, Mox Opal 4, Mystic Forge 2, Darksteel Citadel 4, Mishra's Bauble 4, with no Malevolent Rumble or Emrakul.","Prior-only hybrid that I drop: pre-ban, the combo and shell are whole (Basking Broodscale 4, Blade 3, Glaring Fleshraker 4, Eldrazi Temple 4, Kozilek's Command 4, Ancient Stirrings 4, Urza's Saga 4, Grove 4) and the Karn 4, Mox Opal 4, Darksteel Citadel 4, Mystic Forge 2 package that replaces Rumble and Emrakul combines Karn, which five untouched Lab lists run as a four-of, with the Opal and Citadel mana that untouched 12235 and 15897 run."
broodscale,Broodscale,,mtgo,2026-03-08,Modern League,VenerableLammasu,mono-green,hybrid,medium,pre,prior,drop,"exclude: hybrid brew, out for now","Same pre-ban Karn Forge 75 as 1541 (Karn 4, Mox Opal 4, Mystic Forge 2, Darksteel Citadel 4), published from the league the same day.","Prior-only hybrid that I drop: the same pre-ban 75 as 1541 (Karn 4, Mox Opal 4, Darksteel Citadel 4, Mystic Forge 2 over the full Temple, Command, Fleshraker, Stirrings, Saga shell with Broodscale 4 and Blade 3) published from the league the same day, and it stands or falls with 1541."
broodscale,Broodscale,,mtgo,2026-03-16,Modern League,Jack-Z,mono-green,hybrid,low,pre,both,drop,"exclude: hybrid brew, out for now","Pre-ban Golgari list on the intact shell that also carries the Yawgmoth package Grist 3, Agatha's Soul Cauldron 3, Dredger's Insight 2 and Formidable Speaker 2.","Pre-ban Golgari Broodscale on the full Eldrazi Temple, Kozilek's Command, Fleshraker, Saga, Rumble and Emrakul shell whose only graft is Grist 3, Agatha's Soul Cauldron 3 and Dredger's Insight 2, no Young Wolf or Yawgmoth, so it is a card-advantage package inside the same engine; both passes rated it low and I drop it."
broodscale,Broodscale,,mtgo,2026-04-06,Modern League,Bloodmoons_Rise,mono-green,hybrid,medium,pre,both,drop,"exclude: hybrid brew, out for now","Pre-ban Golgari sacrifice hybrid: Agatha's Soul Cauldron 3, Young Wolf 4, Super Shredder 4, Sephiroth 2 and Phyrexian Tower beside the Temple, Command, Fleshraker shell, with no Urza's Saga.","Both passes called it a hybrid but I drop it: pre-ban, with the combo and shell at full copies (Basking Broodscale 4, Blade 4, Glaring Fleshraker 4, Eldrazi Temple 4, Kozilek's Command 4, Malevolent Rumble 4) and the Super Shredder 4, Sephiroth 2, Young Wolf 4, Cauldron 3 sacrifice package being the same Golgari build as its untouched sibling 14281 a day later and the Sephiroth lists that include the Challenge 64 winner 8557."
broodscale,Broodscale,modern-challenge-64-2026-07-3112849451#Univerce,mtgo,2026-07-31,Modern Challenge 64,Univerce,mono-green,hybrid,medium,post,both,drop,"exclude: hybrid brew, out for now","The full Temple, Command, Stirrings shell carrying the Yawgmoth-style Agatha's Soul Cauldron 4, Young Wolf 3, Wall of Roots 3, Dredger's Insight 2 and Walking Ballista 4 engine, with Blade of the Bloodchief cut to 2.","Both passes called it a hybrid but I drop it: the post-ban shell is intact (Eldrazi Temple 4, Kozilek's Command 4, Ancient Stirrings 4, Urza's Saga 4, Malevolent Rumble 4, Emrakul) with no Yawgmoth or Grist, and Agatha's Soul Cauldron 4 with Young Wolf 3, Wall of Roots 3 and Walking Ballista 4 is a redundancy package for the Broodscale combo, Cauldron already sitting in 17 Temple lists (RespectTheDog, Tinker_deck, Jack-Z) that nobody moved."
affinity,Affinity,modern-challenge-64-2026-09-0512853688#GinkoHS,mtgo,2026-09-05,Modern Challenge 64,GinkoHS,,hybrid,high,post,both,keep,exclude: hybrid brew on the Song engine,"Post-ban list running the full Song of Creation engine (4 Song of Creation, 4 Emry, 3 Mox Amber, 2 Tamiyo, Breeding Pool, Misty Rainforest, Flooded Strand) beside 4 Kappa Cannoneer, 4 Pinnacle Emissary and 4 Explosives with Manufacturing trimmed to 2 and Claws to 1; GinkoHS's own cluster confirms it (11085 is a pure Song list, 22780 the day before is Song plus Cannoneer and Emissary with no Manufacturing, unclassified), and the 47 unclassified Song lists hold 0 Claws, 1 Manufacturing and 1 Cannoneer between them, so both passes are right to keep it.",
prowess,Izzet Prowess,modern-challenge-32-2026-06-2012844852#EvoPride,mtgo,2026-06-20,Modern Challenge 32,EvoPride,,data-anomaly,high,post,both,keep,exclude: 75-card mainboard,"Boards not separated: 75 mainboard and 0 sideboard, the only size anomaly among the 1369 members, with Consign to Memory, Meltdown, Spell Pierce, Tormod's Crypt, Eddymurk Crab and Mystical Dispute counted in the main over an ordinary Izzet Prowess 60.",
prowess,Izzet Prowess,,mtgo,2026-04-22,Modern League,DB_DackFayden7,,different-deck,high,pre,both,keep,exclude: Izzet Phoenix,"Pre-ban Izzet Phoenix: 4 Arclight Phoenix, 4 Faithless Looting, 4 Manamorphose, 4 Traumatic Critique and 2 Flashback with no Preordain, Slickshot Show-Off, Expressive Iteration or Mutagenic Growth; only the Cutter, Swiftspear and DRC overlap the prowess shell.",
prowess,Izzet Prowess,,mtgo,2026-04-22,Modern League,DB_Mengu,,different-deck,high,pre,both,keep,exclude: Izzet Phoenix,"Pre-ban Izzet Phoenix, the same 75 as 15010 card for card: 4 Arclight Phoenix, 4 Faithless Looting, 4 Manamorphose, 4 Traumatic Critique and none of the prowess cantrip and pump package.",
prowess,Izzet Prowess,,mtgo,2026-04-23,Modern Challenge 64,kaikas,,different-deck,high,pre,both,keep,exclude: Izzet Phoenix,"Pre-ban Izzet Phoenix: 4 Arclight Phoenix, 4 Faithless Looting, 4 Manamorphose, 4 Traumatic Critique and 2 Gut Shot with no Preordain, Slickshot Show-Off, Expressive Iteration or Mutagenic Growth.",
prowess,Izzet Prowess,,mtgo,2026-04-25,Modern Challenge 32,kaikas,,different-deck,high,pre,both,keep,exclude: Izzet Phoenix,"Pre-ban Izzet Phoenix that swaps Manamorphose for 4 Expressive Iteration but still runs 4 Arclight Phoenix, 4 Faithless Looting, 2 Flashback, 2 Gut Shot and Lightning Axe with Bedlam Reveler in the side and no Preordain, Slickshot Show-Off or Mutagenic Growth; I rate it high where the prior pass said medium because the Iteration is a Phoenix card too and every prowess-only card is absent.",
prowess,Izzet Prowess,,mtgo,2026-04-26,Modern League,Schiapponetor,,different-deck,high,pre,both,keep,exclude: Izzet Phoenix,"Pre-ban Izzet Phoenix: 4 Arclight Phoenix, 4 Faithless Looting, 4 Manamorphose, 3 Traumatic Critique, 2 Gut Shot and Lightning Axe with Bedlam Reveler in the side, and no Preordain, Slickshot Show-Off, Expressive Iteration or Mutagenic Growth.",
prowess,Izzet Prowess,,mtgo,2026-05-02,Modern League,Txuris,,different-deck,high,pre,both,keep,exclude: Izzet Phoenix,"Pre-ban Izzet Phoenix, the kaikas 6642 list card for card: 4 Arclight Phoenix, 4 Faithless Looting, 4 Manamorphose, 4 Traumatic Critique, 2 Gut Shot and no prowess cantrip or pump package.",
prowess,Izzet Prowess,modern-league-2026-05-2510628#squidify,mtgo,2026-05-25,Modern League,squidify,,different-deck,high,post,both,keep,exclude: Izzet Phoenix,"Post-ban Izzet Phoenix, the only Phoenix list since the bans: 4 Arclight Phoenix, 4 Faithless Looting, 4 Manamorphose and 2 Flashback beside Preordain, with no Slickshot Show-Off, Expressive Iteration, Mutagenic Growth or Violent Urge.",
prowess,Izzet Prowess,modern-league-2026-06-1510628#Duduk123,mtgo,2026-06-15,Modern League,Duduk123,,different-deck,high,post,both,keep,"exclude: Gruul, one Vents","Gruul prowess: 4 Abundant Harvest, 3 Scale Up, 3 Blossoming Defense, 3 Questing Druid on 3 Stomping Ground and Commercial District with no blue nonland card in the mainboard; its single Steam Vents (the only member on one Vents) exists for the sideboard Consign to Memory.",
prowess,Izzet Prowess,,mtgo,2026-05-06,Modern League,JulianJohn,,hybrid,medium,pre,both,keep,exclude: hybrid brew with Phoenix,"Pre-ban list bolting 4 Arclight Phoenix and 4 Faithless Looting onto the full prowess core (3 Slickshot Show-Off, 3 Preordain, 3 Expressive Iteration, 2 Mutagenic Growth, Violent Urge); the same pilot's five post-ban lists drop both cards for the standard 4 Slickshot, 4 Growth shell, so the pair was a Phoenix graft that would put Looting and Phoenix into the pre-ban build readings.",
prowess,Izzet Prowess,,mtgo,2026-05-14,Modern League,JulianJohn,,hybrid,medium,pre,both,keep,exclude: hybrid brew with Phoenix,"Pre-ban sibling of 15635 with the same 4 Arclight Phoenix and 4 Faithless Looting over the Slickshot, Preordain, Expressive Iteration and Mutagenic Growth shell, Murktide Regent and Blood Moon in the side; same hybrid reading.",
trudge,Trudge,modern-league-2026-07-2610847#AoFTW,mtgo,2026-07-26,Modern League,AoFTW,,data-anomaly,medium,post,prior,drop,"keep: clean 60, unpublished sideboard","Standard Trudge mainboard (Eldrazi Temple, Ugin's Labyrinth, Kozilek's Command, Fight Rigging) published with an empty sideboard, the only zero-card sideboard among 446 members, so it distorts sideboard readings.","Prior-only candidate, dropped: the 60-card mainboard is a textbook Trudge build (4 each of Labyrinth, Temple, Command, Emrakul, Fight Rigging, Mycospawn, Rumble, Disciple, Zenith) and the only defect is an unpublished sideboard, the sole zero-card sideboard among 446 members, which leaves every mainboard reading intact and moves sideboard adoption by at most one list in 446."
trudge,Trudge,,mtgo,2026-04-23,Modern Challenge 64,Taurum,,different-deck,high,pre,both,keep,exclude: Nantuko deck without the Eldrazi shell,"Pre-ban mono-green Nantuko deck (4 Springheart Nantuko, 4 Quirion Ranger, 4 Badgermole Cub, 4 The Great Henge, 4 Life's Legacy, 3 Summoner's Pact, Craterhoof, ten fetchlands) holding none of Ugin's Labyrinth, Eldrazi Temple, Kozilek's Command, Emrakul or Fight Rigging; Trudge and Fanatic are its mana dorks, not the Eldrazi ramp engine.",
trudge,Trudge,,mtgo,2026-05-02,Modern Challenge 64,Gormatron,,different-deck,high,pre,both,keep,exclude: Nantuko deck without the Eldrazi shell,"Pre-ban mono-green Nantuko deck (4 Springheart Nantuko, 4 Quirion Ranger, 4 Badgermole Cub, 4 The Great Henge, 4 Ouroboroid, 3 Life's Legacy, 3 Summoner's Pact, Craterhoof) with no Ugin's Labyrinth, Eldrazi Temple, Kozilek's Command, Emrakul or Fight Rigging.",
trudge,Trudge,,mtgo,2026-05-03,Modern League,wasatchwarrior,,different-deck,high,pre,both,keep,exclude: Nantuko deck without the Eldrazi shell,"Pre-ban mono-green Nantuko deck, the same 75 as Gormatron's 6833 (Springheart Nantuko, Quirion Ranger, Badgermole Cub, The Great Henge, Ouroboroid, Life's Legacy, Summoner's Pact) with no Eldrazi shell card at all.",
trudge,Trudge,,mtgo,2026-05-07,Modern League,Gormatron,,different-deck,high,pre,both,keep,exclude: Nantuko deck without the Eldrazi shell,"Pre-ban mono-green Nantuko deck (4 Quirion Ranger, 4 The Great Henge, 4 Ouroboroid, 4 Badgermole Cub, 3 Life's Legacy, 3 Summoner's Pact, 2 Springheart Nantuko, Craterhoof, Six) with no Ugin's Labyrinth, Eldrazi Temple, Kozilek's Command, Emrakul or Fight Rigging.",
trudge,Trudge,modern-league-2026-06-0910628#Dooter611,mtgo,2026-06-09,Modern League,Dooter611,,different-deck,high,post,both,keep,exclude: Nantuko deck without the Eldrazi shell,"Post-ban mono-green Nantuko landfall deck on 4 Leyline of Abundance, 4 Delighted Halfling, 4 Springheart Nantuko, 4 Quirion Ranger, 4 Badgermole Cub, 4 Summoner's Pact, two Nissas, Lotus Cobra and Craterhoof, with a single Slumbering Trudge and no Ugin's Labyrinth, Eldrazi Temple, Kozilek's Command, Emrakul or Fight Rigging.",
tron,Tron,,mtgo,2026-03-22,Modern League,JMAK2000,,different-deck,high,pre,both,keep,exclude: another Tron deck,"Pre-ban, the same Mono-Green Tron 75 as 11590 a day earlier (Stirrings, Sphere, Star, Scrying, Karn Liberated, Oblivion Stone, no Temple, no Labyrinth); the pilot has no other list in the store.",
tron,Tron,,mtgo,2026-03-23,Modern Last Chance,JMAK2000,,different-deck,high,pre,both,keep,exclude: another Tron deck,"Pre-ban Mono-Green Tron on 16 lands: Ancient Stirrings 4, Chromatic Sphere 4, Chromatic Star 4, Sylvan Scrying 3, Karn Liberated 2, Oblivion Stone 2 and Haywire Mite 2, with no Eldrazi Temple and no Ugin's Labyrinth.",
tron,Tron,,mtgo,2026-03-28,Modern Challenge 32,pablohotdog,,different-deck,medium,pre,both,keep,exclude: another Tron deck,"Pre-ban green Tron shell on Ancient Stirrings 4, Chromatic Sphere 4, Chromatic Star 4 and Forest 3 with no Eldrazi Temple, no Ugin's Labyrinth, no Thought-Knot Seer and no Mind Stone, keeping Devourer and Kozilek's Command as payoffs; the pilot's four other store lists are ordinary Eldrazi Tron, so this is a one-off green Tron, medium because it holds the tracked deck's payoffs.",
tron,Tron,,mtgo,2026-04-20,Modern League,pooopywet,,different-deck,high,pre,both,keep,exclude: another Tron deck,"Pre-ban blue Tron, the deck CONTEXT names as different: Force of Negation 4, Stock Up 4, Remand 4, Subtlety 4, Condescend 3, Spell Snare 3 and Island 4 with no Devourer of Destiny and no Ugin's Labyrinth; both passes agree.",
tron,Tron,,mtgo,2026-04-27,Modern League,cool_ultimatum,,different-deck,high,pre,both,keep,exclude: another Tron deck,"Pre-ban, the same blue Tron 75 as 14892 under a second pilot (Force of Negation 4, Stock Up 4, Remand 4, Subtlety 4, Condescend 3, Spell Snare 3, no Devourer, no Labyrinth); the pilot's February list 11804 is ordinary Eldrazi Tron, so this is the other deck, not a variation.",
tron,Tron,melee:de6a947c-0825-4c80-9ea3-b4bc002e6525,melee,2026-09-05,Spotlight Dallas,ClintonWillesen1,,different-deck,high,post,both,keep,exclude: another Tron deck,"Mono-Green Tron proper, as the pilot names it and unlike the other Dallas pilots who use that name for Eldrazi Tron: Ancient Stirrings 4, Chromatic Sphere 4, Chromatic Star 3, Sylvan Scrying 3, Wurmcoil Engine 2, Ulamog the Defiler 2, Walking Ballista and Oblivion Stone, with no Eldrazi Temple and no Kozilek's Command.",
tron,Tron,melee:9202ad87-f076-4628-aa0e-b4bc00e0b2d3,melee,2026-09-05,Spotlight Dallas,simmmins,,different-deck,high,post,both,keep,exclude: another Tron deck,"Mono-Green Tron on Ancient Stirrings 4, Chromatic Sphere 4, Chromatic Star 4, Sylvan Scrying 3, Oblivion Stone 2 and Karn Liberated with neither Eldrazi Temple nor Ugin's Labyrinth; Devourer 4 and Command 2 are the payoffs green Tron now borrows, not the Eldrazi Tron shell.",
tron,Tron,,mtgo,2026-02-06,Modern League,MiraiMTG,,hybrid,medium,pre,both,keep,"exclude: hybrid brew, out for now","Pre-ban; both passes called it different-deck but the Devourer 3, Labyrinth 4, Kozilek's Command 4 and Karn 4 engine is intact, so I rule it a hybrid: the blue Tron control package (Condescend 4, Stock Up 3, Spell Snare 2, Consult the Star Charts, Snow-Covered Island 4, Talisman of Dominance 4) replaces Temple, Thought-Knot Seer, Mind Stone and Fleshraker, and Stock Up is the card CONTEXT names.",
tron,Tron,,mtgo,2026-03-21,Modern Challenge 32,narca,,hybrid,low,pre,both,drop,"exclude: hybrid brew, out for now","Pre-ban Eldrazi Tron shell carrying the Devoted Druid x4 and Luxior x2 combo with Formidable Speaker x3, Herigast x2 and Stomping Ground, a one-off brew.","Dropped: pre-ban, the Eldrazi Tron engine is fully intact (Devourer 4, Labyrinth 4, Command 4, Karn 4, Ugin 4, Map 4, Mycospawn 4) and the Devoted Druid 4, Luxior 2, Formidable Speaker 3 and Herigast 2 package sits in the flex slots the way narca's Zimone's Experiment, Blazing Firesinger, Bilbo's Gambit and Dress Down brews do in his other 12 lists, which both passes left in."
tron,Tron,melee:8d2790b6-c112-43a6-a7cc-b4b30043ad6c,melee,2026-08-29,Spotlight Brisbane,AlimTheBackpack,,hybrid,medium,post,both,keep,"exclude: hybrid brew, out for now","Mono-Green Eldrazi ramp, the neighbour HEURISTICS names as a different shell, on the Tron lands: Malevolent Rumble 4, Yggdrasil 3, World Breaker 2, Ulamog the Defiler 2, Void Winnower and Force of Vigor with Devourer cut to 2 and Kozilek's Command to 1; the pilot names it Mono-Green, so I side with the prior pass's medium over the new pass's low.",
tron,Tron,modern-league-2026-09-0710983#schnda,mtgo,2026-09-07,Modern League,schnda,,hybrid,medium,post,both,keep,"exclude: hybrid brew, out for now","Post-ban Eldrazi Tron shell (Temple 4, Command 4, Ugin 4, Boulder 4, Mycospawn 4) that drops Devourer of Destiny and Ugin's Labyrinth, both at 100% adoption post-ban, for a green Tron dig package of Malevolent Rumble 4, Chromatic Star 3 and Sylvan Scrying 2; both passes agree.",
energy,Boros Energy,,mtgo,2026-03-21,Modern League,Cantergiani,,hybrid,high,pre,both,keep,"exclude: hybrid brew, out for now","Pre-ban Boros Eldrazi hybrid: 4 Eldrazi Temple, 4 Battlefield Forge, a Snow-Covered Wastes, 4 Kozilek's Command, 4 Eldrazi Linebreaker, 3 Thought-Knot Seer and 2 Matter Reshaper sit beside Guide, Ocelot, Ajani, Bombardment, Ragavan and Phlage while Voice, Pyromancer, Thraben Charm and Ranger-Captain are all cut, and it is the only signature-holder in the store on the Temple; the pilot's other lists are Mill and Tron.",
energy,Boros Energy,,mtgo,2026-03-21,Modern League,EDHplayer,,hybrid,medium,pre,prior,keep,"exclude: hybrid brew, out for now","Pre-ban Leonardo Cauldron combo inside the energy shell: 4 Leonardo, Cutting Edge, 3 Agatha's Soul Cauldron and 2 Walking Ballista replace Phlage, Seasoned Pyromancer, Thraben Charm and Arena of Glory (98-100% pre-ban adoption), the store's 31 other Leonardo-plus-Cauldron lists are a distinct Azorius/Selesnya deck, and Yenchy's two members run Leonardo as a one-of with no Cauldron; the new pass missed it and I rule keep because the 9-card package displaces four staples, not a card-advantage slot.",
energy,Boros Energy,modern-challenge-64-2026-06-2812845678#Zorro7x4,mtgo,2026-06-28,Modern Challenge 64,Zorro7x4,,hybrid,medium,post,both,keep,"exclude: hybrid brew, out for now","Post-ban Cutter-prowess build on the energy creatures: 4 Cori-Steel Cutter, 4 Hex Magic, 4 Mishra's Bauble and 4 Lightning Bolt over 3 Sunbaked Canyon with none of Voice of Victory, Seasoned Pyromancer, Thraben Charm, Ranger-Captain or Arena of Glory (all 87-99% adopted), the only Cutter or Hex Magic list among 2797 members, and the same pilot's next energy list 20293 is stock.",
ponza,Boros Ponza,,mtgo,2026-04-23,Modern League,EDHplayer,none,hybrid,low,pre,both,drop,"exclude: hybrid brew, out for now","Unflagged pre-ban fourth copy of the same Boom/Bust, Magmatic Hellkite, Flagstones of Trokair shell with no Field of Ruin or Demolition Field (Ragavan in the sideboard).","Drop, ruled against both passes: pre-ban list holding the whole Ponza engine (4 Erode, 4 Cleansing Wildfire, 4 Price of Freedom, 4 Path to Exile, 4 White Orchid Phantom, 4 Wrath of the Skies, 4 Galvanic Discharge) with 4 Boom/Bust, 4 Flagstones of Trokair and 4 Magmatic Hellkite in place of Field of Ruin, Demolition Field and Solitude, a build choice the same pilot ran beside Field of Ruin, Demolition Field, Solitude and Wrath in his February list 579, so ordinary variation rather than another deck."
ponza,Boros Ponza,,mtgo,2026-05-01,Modern Challenge 64,EDHplayer,none,hybrid,low,pre,both,drop,"exclude: hybrid brew, out for now","Pre-ban aggro land-destruction shell on 4 Boom/Bust, 4 Magmatic Hellkite, 4 Ragavan, 4 Flagstones of Trokair and Rustvale Bridge with no Field of Ruin, Demolition Field, Wrath of the Skies or Cori Mountain Monastery in the mainboard; same plan, different shell.","Drop, ruled against both passes: pre-ban 19-land build of the same engine (3 Erode, 4 Cleansing Wildfire, 4 Price of Freedom, 4 Path to Exile, 4 White Orchid Phantom, 2 Solitude, Wrath of the Skies in the side) with 4 Boom/Bust, 4 Flagstones, 4 Magmatic Hellkite and 4 Ragavan as the top end; the land-destruction plan and its spells are Ponza's, and Ragavan sits in two clean members (16046, 23088), so this is a pilot's aggressive build, not a different deck."
ponza,Boros Ponza,,mtgo,2026-05-01,Modern League,EDHplayer,none,hybrid,low,pre,both,drop,"exclude: hybrid brew, out for now","Pre-ban duplicate build of 6783: 4 Boom/Bust, 4 Magmatic Hellkite, 4 Ragavan, 4 Flagstones of Trokair, 2 Elesh Norn, no Field of Ruin or Demolition Field.","Drop, ruled against both passes: the same 60 as 6783 played in the league the same day (4 Boom/Bust, 4 Flagstones, 4 Magmatic Hellkite, 4 Ragavan, 2 Elesh Norn over 3 Erode, 4 Cleansing Wildfire, 4 Price of Freedom, 4 Path, 4 Phantom, 2 Solitude), pre-ban, the same deck on a different top end."
ponza,Boros Ponza,,mtgo,2026-05-04,Modern League,EDHplayer,none,hybrid,low,pre,both,drop,"exclude: hybrid brew, out for now","Pre-ban Boom/Bust, Magmatic Hellkite, Ragavan and Thalia, Heretic Cathar shell with no Field of Ruin or Demolition Field, the same pilot's aggro build.","Drop, ruled against both passes: pre-ban, identical to 15400 except 2 Thalia, Heretic Cathar for the 2 Elesh Norn, so the same Erode, Cleansing Wildfire, Price of Freedom, Path, Phantom, Solitude engine with the Boom/Bust, Flagstones, Hellkite, Ragavan package on 19 lands; a build of Ponza, not another archetype."
dimir,Dimir Midrange,,mtgo,2026-02-27,Modern Challenge 32,Craig_Long123,,different-deck,high,pre,both,keep,exclude: another Dimir deck,"Pre-ban Dimir Necro: 4 Necrodominance, 4 Soul Spike, 4 Boggart Trawler, 4 Sheoldred, the Apocalypse, 3 March of Wretched Sorrow, and none of Counterspell, Force of Negation, Subtlety or Sink into Stupor; Riddler at 3.",
dimir,Dimir Midrange,,mtgo,2026-03-01,Modern Challenge 32,Craig_Long123,,different-deck,high,pre,both,keep,exclude: another Dimir deck,"Pre-ban Dimir Necro, the same 75 as 1211: 4 Necrodominance, 4 Soul Spike, 4 Boggart Trawler, 4 Sheoldred, the Apocalypse, no counterspells.",
dimir,Dimir Midrange,,mtgo,2026-03-02,Modern Challenge 32,Craig_Long123,,different-deck,high,pre,both,keep,exclude: another Dimir deck,"Pre-ban Dimir Necro, the same 75 as 1211: 4 Necrodominance, 4 Soul Spike, 4 Boggart Trawler, 4 Sheoldred, the Apocalypse, no counterspells.",
dimir,Dimir Midrange,,mtgo,2026-03-03,Modern Challenge 64,Craig_Long123,,different-deck,high,pre,both,keep,exclude: another Dimir deck,"Pre-ban Dimir Necro, the same 75 as 1211: 4 Necrodominance, 4 Soul Spike, 4 Boggart Trawler, 4 Sheoldred, the Apocalypse, no counterspells.",
dimir,Dimir Midrange,,mtgo,2026-03-07,Modern Challenge 64,Craig_Long123,,different-deck,high,pre,both,keep,exclude: another Dimir deck,"Pre-ban Dimir Necro, the same 75 as 1211: 4 Necrodominance, 4 Soul Spike, 4 Boggart Trawler, 4 Sheoldred, the Apocalypse, no counterspells.",
dimir,Dimir Midrange,,mtgo,2026-03-14,Modern League,Athenani,,different-deck,high,pre,both,keep,exclude: another Dimir deck,"Pre-ban Dimir Necro, Craig_Long123's 75 card for card: 4 Necrodominance, 4 Soul Spike, 4 Boggart Trawler, 4 Sheoldred, the Apocalypse, 3 March of Wretched Sorrow.",
dimir,Dimir Midrange,,mtgo,2026-03-16,Modern League,JackFochetti,,different-deck,high,pre,both,keep,exclude: another Dimir deck,"Pre-ban Dimir Necro, Craig_Long123's 75 card for card: 4 Necrodominance, 4 Soul Spike, 4 Boggart Trawler, 4 Sheoldred, the Apocalypse, 3 March of Wretched Sorrow.",
dimir,Dimir Midrange,,mtgo,2026-03-21,Modern Challenge 32,Craig_Long123,,different-deck,high,pre,both,keep,exclude: another Dimir deck,"Pre-ban Dimir Necro: 4 Necrodominance, 4 Soul Spike, 4 Boggart Trawler, 4 Sheoldred, the Apocalypse, 3 Force of Despair, no counterspells.",
dimir,Dimir Midrange,,mtgo,2026-03-23,Modern Last Chance,TomCairns,,different-deck,high,pre,both,keep,exclude: another Dimir deck,"Pre-ban Dimir Persist reanimator: 4 Persist, 4 Archon of Cruelty, 4 Emperor of Bones, 4 Gran-Gran, 3 Abhorrent Oculus, 3 Unearth, 2 Cephalid Coliseum, with Riddler at 2 and every counterspell in the sideboard.",
dimir,Dimir Midrange,,mtgo,2026-03-24,Modern Challenge 64,Craig_Long123,,different-deck,high,pre,both,keep,exclude: another Dimir deck,"Pre-ban Dimir Necro: 4 Necrodominance, 4 Soul Spike, 4 Boggart Trawler, 4 Sheoldred, the Apocalypse, 3 Force of Despair, no counterspells.",
dimir,Dimir Midrange,,mtgo,2026-03-31,Modern Challenge 64,Craig_Long123,,different-deck,high,pre,both,keep,exclude: another Dimir deck,"Pre-ban Dimir Necro: 4 Necrodominance, 4 Soul Spike, 4 Boggart Trawler, 4 Sheoldred, the Apocalypse, 3 Force of Despair, no counterspells.",
dimir,Dimir Midrange,,mtgo,2026-04-03,Modern League,Craig_Long123,,different-deck,high,pre,both,keep,exclude: another Dimir deck,"Pre-ban Dimir Necro: 4 Necrodominance, 4 Soul Spike, 4 Boggart Trawler, 4 Sheoldred, the Apocalypse, 3 Force of Despair, no counterspells.",
dimir,Dimir Midrange,,mtgo,2026-04-11,Modern Challenge 32,Xsper,,different-deck,high,pre,both,keep,exclude: another Dimir deck,"Pre-ban Dimir Necro on 15 lands: 4 Necrodominance, 4 Soul Spike, 4 Boggart Trawler, 4 Fell the Profane, 3 Sheoldred, the Apocalypse, 2 Dauthi Voidwalker, Riddler down to 2.",
dimir,Dimir Midrange,,mtgo,2026-04-28,Modern Challenge 64,Craig_Long123,,different-deck,high,pre,both,keep,exclude: another Dimir deck,"Pre-ban Dimir Necro: 4 Necrodominance, 4 Soul Spike, 4 Boggart Trawler, 4 Sheoldred, the Apocalypse, 3 Force of Despair, no counterspells.",
dimir,Dimir Midrange,,mtgo,2026-04-29,Modern Challenge 64,Craig_Long123,,different-deck,high,pre,both,keep,exclude: another Dimir deck,"Pre-ban Dimir Necro, the same 75 as 6713: 4 Necrodominance, 4 Soul Spike, 4 Boggart Trawler, 4 Sheoldred, the Apocalypse, no counterspells.",
dimir,Dimir Midrange,,mtgo,2026-04-30,Modern League,TomCairns,,different-deck,high,pre,both,keep,exclude: another Dimir deck,"Pre-ban Dimir Persist reanimator: 4 Persist, 4 Archon of Cruelty, 4 Gran-Gran, 3 Abhorrent Oculus, 3 Unearth, 3 Emperor of Bones, 2 Emeritus of Ideation, 2 Cephalid Coliseum, Riddler at 2 and Force of Negation in the side only.",
dimir,Dimir Midrange,,mtgo,2026-05-03,Modern League,daviddmtg,,different-deck,high,pre,both,keep,exclude: another Dimir deck,"Pre-ban Dimir Persist reanimator: 4 Persist, 4 Archon of Cruelty, 4 Fallaji Archaeologist, 2 Emperor of Bones, 2 Tainted Indulgence, a 16-card reanimation plan that keeps Tamiyo, Spell Snare and Force of Negation at 2 each around it.",
dimir,Dimir Midrange,,mtgo,2026-05-05,Modern Challenge 64,Craig_Long123,,different-deck,high,pre,both,keep,exclude: another Dimir deck,"Pre-ban Dimir Necro: 4 Necrodominance, 4 Soul Spike, 4 Boggart Trawler, 4 Sheoldred, the Apocalypse, 3 Force of Despair, no counterspells.",
dimir,Dimir Midrange,modern-challenge-64-2026-05-2012842542#Craig_Long123,mtgo,2026-05-20,Modern Challenge 64,Craig_Long123,,different-deck,high,post,both,keep,exclude: another Dimir deck,"Post-ban Dimir Necro: 4 Necrodominance, 4 Soul Spike, 4 Boggart Trawler, 4 Sheoldred, the Apocalypse, 3 Fell the Profane, 2 Inquisition of Kozilek, Riddler down to 2, no counterspells.",
dimir,Dimir Midrange,modern-challenge-64-2026-05-2112842886#Craig_Long123,mtgo,2026-05-21,Modern Challenge 64,Craig_Long123,,different-deck,high,post,both,keep,exclude: another Dimir deck,"Post-ban Dimir Necro, the same 75 as 7258: 4 Necrodominance, 4 Soul Spike, 4 Boggart Trawler, 4 Sheoldred, the Apocalypse, Riddler down to 2.",
dimir,Dimir Midrange,modern-challenge-64-2026-05-2312842918#Craig_Long123,mtgo,2026-05-23,Modern Challenge 64,Craig_Long123,,different-deck,high,post,both,keep,exclude: another Dimir deck,"Post-ban Dimir Necro, the same 75 as 7258: 4 Necrodominance, 4 Soul Spike, 4 Boggart Trawler, 4 Sheoldred, the Apocalypse, Riddler down to 2.",
dimir,Dimir Midrange,modern-league-2026-06-0710628#doom580,mtgo,2026-06-07,Modern League,doom580,,different-deck,high,post,both,keep,exclude: another Dimir deck,"Dimir Oculus with Riddler at 3: 4 Abhorrent Oculus, 4 Unearth, 4 Thought Scour, 2 Murktide Regent, with Bowmasters, Kaito and Tamiyo absent and Subtlety in the side only.",
dimir,Dimir Midrange,modern-league-2026-06-2910847#marcoshadow,mtgo,2026-06-29,Modern League,marcoshadow,,different-deck,high,post,both,keep,exclude: another Dimir deck,"Dimir Necro: 4 Necrodominance, 4 Soul Spike, 4 Boggart Trawler, 4 Inquisition of Kozilek, 3 Sheoldred, the Apocalypse, 3 March of Wretched Sorrow, no counterspells and no Bowmasters.",
dimir,Dimir Midrange,modern-challenge-64-2026-07-0512846495#Zorro7x4,mtgo,2026-07-05,Modern Challenge 64,Zorro7x4,,different-deck,medium,post,both,keep,"keep: one aggro list, no card names it","Dimir Goyf aggro on the Frog pair: 4 Moonshadow, 4 Street Wraith, 4 Nethergoyf, 4 Mishra's Bauble, 3 End of the Hunt and none of Counterspell, Force of Negation, Subtlety, Sink into Stupor or Spell Snare; both passes said hybrid, I rule different-deck because the same pilot's unclassified 17811 and CHAR_AZNABLE's 22572 show this shell is a deck of its own that normally runs no Riddler.",
dimir,Dimir Midrange,modern-challenge-64-2026-07-3112849451#Uagli1,mtgo,2026-07-31,Modern Challenge 64,Uagli1,,different-deck,high,post,both,keep,exclude: another Dimir deck,"Dimir Oculus with Riddler at 2: 4 Abhorrent Oculus, 4 Unearth, 4 Consider, 2 Harbinger of the Seas main, no Kaito, Tamiyo or Subtlety.",
dimir,Dimir Midrange,modern-league-2026-07-3110847#Uagli1,mtgo,2026-07-31,Modern League,Uagli1,,different-deck,high,post,both,keep,exclude: another Dimir deck,"Dimir Oculus with Riddler at 2: 4 Abhorrent Oculus, 4 Unearth, 4 Thought Scour, 2 Harbinger of the Seas main, no Kaito, Tamiyo or Subtlety.",
dimir,Dimir Midrange,modern-challenge-64-2026-08-0112849460#OafMcNamara,mtgo,2026-08-01,Modern Challenge 64,OafMcNamara,,different-deck,high,post,both,keep,exclude: another Dimir deck,"Dimir Oculus that runs 4 Riddler: 4 Abhorrent Oculus, 4 Unearth, 4 Thought Scour, and no Bowmasters, Kaito or Tamiyo.",
dimir,Dimir Midrange,modern-challenge-64-2026-08-0212849474#Arcbound_Papi,mtgo,2026-08-02,Modern Challenge 64,Arcbound_Papi,,different-deck,high,post,both,keep,exclude: another Dimir deck,"Dimir Goryo's reanimator that misses the Goryo's rule for lack of Ephemerate and Plains: 4 Goryo's Vengeance, 4 Atraxa, Grand Unifier, 2 Griselbrand, 3 Tainted Indulgence, 2 Bone Shards.",
dimir,Dimir Midrange,modern-challenge-64-2026-08-0212849474#adebevoise,mtgo,2026-08-02,Modern Challenge 64,adebevoise,,different-deck,high,post,both,keep,exclude: another Dimir deck,"Dimir Oculus that runs 4 Riddler, OafMcNamara's 9374 card for card: 4 Abhorrent Oculus, 4 Unearth, 4 Thought Scour, no Bowmasters, Kaito or Tamiyo.",
dimir,Dimir Midrange,modern-league-2026-08-0310847#TomCairns,mtgo,2026-08-03,Modern League,TomCairns,,different-deck,high,post,both,keep,exclude: another Dimir deck,"Dimir Persist reanimator: 4 Persist, 4 Archon of Cruelty, 4 Fallaji Archaeologist, 4 Gran-Gran, 3 Emperor of Bones, 3 Essence Flux, 3 Flare of Denial, 2 Cephalid Coliseum, Thoughtseize down to 2.",
dimir,Dimir Midrange,modern-league-2026-08-0410847#PharmD_MTG,mtgo,2026-08-04,Modern League,PharmD_MTG,,different-deck,high,post,both,keep,exclude: another Dimir deck,"Dimir Oculus with Riddler at 3: 4 Abhorrent Oculus, 4 Unearth, 4 Thought Scour, 2 Harbinger of the Seas main, no Kaito, Tamiyo or Subtlety.",
dimir,Dimir Midrange,modern-league-2026-08-0510847#Magric,mtgo,2026-08-05,Modern League,Magric,,different-deck,high,post,both,keep,exclude: another Dimir deck,"Dimir Asmor artifact reanimator: 4 Asmoranomardicadaistinaculdacar, 4 The Underworld Cookbook, 4 Urza's Saga, 3 Mox Opal, 4 Abhorrent Oculus, 4 Unearth, 4 Persist, 4 Archon of Cruelty, with no Thoughtseize, Fatal Push or counterspell in the main.",
dimir,Dimir Midrange,modern-league-2026-08-1610983#TomCairns,mtgo,2026-08-16,Modern League,TomCairns,,different-deck,high,post,both,keep,exclude: another Dimir deck,"Dimir Persist reanimator: 4 Persist, 4 Archon of Cruelty, 4 Fallaji Archaeologist, 4 Gran-Gran, 4 Flare of Denial, 2 Abhorrent Oculus, 2 Unearth, 2 Emperor of Bones, Riddler down to 1.",
dimir,Dimir Midrange,modern-league-2026-08-1810983#Alvas,mtgo,2026-08-18,Modern League,Alvas,,different-deck,high,post,both,keep,exclude: another Dimir deck,"Dimir Oculus that runs 4 Riddler: 4 Abhorrent Oculus, 4 Unearth, 4 Thought Scour, 2 Snapcaster Mage, no Bowmasters, Kaito or Tamiyo.",
dimir,Dimir Midrange,modern-league-2026-08-2110983#Magric,mtgo,2026-08-21,Modern League,Magric,,different-deck,high,post,both,keep,exclude: another Dimir deck,"Dimir Asmor artifact reanimator, 21218 with one Riddler swapped for an Emperor of Bones: 4 Asmoranomardicadaistinaculdacar, 4 The Underworld Cookbook, 4 Urza's Saga, 3 Mox Opal, 4 Abhorrent Oculus, 4 Unearth, 4 Persist, 4 Archon of Cruelty, Fatal Push and Force of Negation in the side only.",
dimir,Dimir Midrange,modern-league-2026-08-2110983#Alvas,mtgo,2026-08-21,Modern League,Alvas,,different-deck,high,post,both,keep,exclude: another Dimir deck,"Dimir Oculus that runs 4 Riddler, 21970 card for card: 4 Abhorrent Oculus, 4 Unearth, 4 Thought Scour, 2 Snapcaster Mage.",
dimir,Dimir Midrange,melee:94d66e6c-d55d-4711-a5e1-b4b400c9761c,melee,2026-08-29,Spotlight Brisbane,RoseBurns,,different-deck,high,post,both,keep,exclude: another Dimir deck,"Dimir Death's Shadow registered under the bare name Dimir: 4 Death's Shadow, 4 Moonshadow, 4 Street Wraith, 4 Preordain, 3 Push the Limit, 3 Stubborn Denial, and no Fatal Push, Bowmasters, Subtlety or Force of Negation.",
dimir,Dimir Midrange,modern-league-2026-09-0410983#bokk,mtgo,2026-09-04,Modern League,bokk,,different-deck,high,post,both,keep,exclude: another Dimir deck,"Dimir Necro: 4 Necrodominance, 4 Soul Spike, 4 Boggart Trawler, 4 Sheoldred, the Apocalypse, 3 March of Wretched Sorrow, 2 Dauthi Voidwalker, Riddler down to 2 with 2 more in the side, no counterspells.",
dimir,Dimir Midrange,melee:36835c10-5a60-4881-a9ab-b4bc00300066,melee,2026-09-05,Spotlight Dallas,Throckmorton,,different-deck,high,post,both,keep,exclude: another Dimir deck,"Dimir Goryo's, named so by the pilot: 4 Goryo's Vengeance, 4 Griselbrand, 4 Emperor of Bones, 4 Tainted Indulgence, 3 Troll of Khazad-dum, 2 Ulamog, the Defiler, Thoughtseize in the side only.",
dimir,Dimir Midrange,melee:96684cb0-b9a5-4435-b5cc-b4ba0016f9a4,melee,2026-09-05,Spotlight Dallas,Zwiftef,,different-deck,medium,post,both,keep,exclude: another Dimir deck,"Registered as Dimir Midrange but built as Dimir Oculus: 4 Abhorrent Oculus, 4 Unearth, 4 Moonshadow, 4 Mishra's Bauble, Riddler down to 2, Thoughtseize in the side only; medium because the pilot's own name disagrees with the cards.",
dimir,Dimir Midrange,modern-league-2026-09-0610983#LindenPaine,mtgo,2026-09-06,Modern League,LindenPaine,,different-deck,high,post,both,keep,exclude: another Dimir deck,"Dimir Persist reanimator: 4 Persist, 4 Archon of Cruelty, 4 Fallaji Archaeologist, 4 Gran-Gran, 3 Emperor of Bones, 3 Flare of Denial, 2 Cephalid Coliseum.",
dimir,Dimir Midrange,modern-league-2026-09-1210983#TomCairns,mtgo,2026-09-12,Modern League,TomCairns,,different-deck,high,post,both,keep,exclude: another Dimir deck,"Dimir Persist reanimator: 4 Persist, 4 Archon of Cruelty, 4 Fallaji Archaeologist, 4 Gran-Gran, 3 Emperor of Bones, 3 Bitter Triumph, 3 Flare of Denial, 2 Cephalid Coliseum.",
dimir,Dimir Midrange,modern-league-2026-09-1210983#LindenPaine,mtgo,2026-09-12,Modern League,LindenPaine,,different-deck,high,post,both,keep,exclude: another Dimir deck,"Dimir Persist reanimator, TomCairns's 23243 with a different sideboard: 4 Persist, 4 Archon of Cruelty, 4 Fallaji Archaeologist, 4 Gran-Gran, 3 Emperor of Bones, 3 Flare of Denial, 3 Bitter Triumph.",
dimir,Dimir Midrange,,mtgo,2026-04-30,Modern League,rabblemasterblaster,,hybrid,medium,pre,both,keep,exclude: another Dimir deck,"Pre-ban Frog control shell (3 Subtlety, 3 Force of Negation, 2 Sink into Stupor, 4 Fatal Push) with a 15-card Persist package spliced in (4 Persist, 4 Deceit, 3 Kavaero, Mind-Bitten, 2 Archon of Cruelty, 2 Emeritus of Ideation); both passes called it different-deck, I rule hybrid because the counterspell shell is intact and only the threat suite is another deck's, and it distorts build readings either way.",
jeskai,Jeskai Control,,mtgo,2026-03-21,Modern League,Hyper,,different-deck,high,pre,both,keep,pre-ban: no longer in the store,"Pre-ban Jeskai Riddler blink, not the Consult control: 4 Quantum Riddler, 4 Phlage, 4 Solitude, 2 Ephemerate, 3 mainboard Consign to Memory and 2 Strix Serenade with no Chant, Scepter, Narset or Day's Undoing and the shell at 2 Consult, 2 Wrath, 1 Teferi; the store holds 606 unclassified Riddler-Ephemerate-Phlage lists and Hyper's two are the only ones inside the population, so I ruled different-deck over the prior pass's hybrid.",
jeskai,Jeskai Control,,mtgo,2026-03-25,Modern League,Hyper,,different-deck,high,pre,both,keep,pre-ban: no longer in the store,"Pre-ban sibling of 13486 with one Ephemerate swapped for a Soul-Guide Lantern: 4 Quantum Riddler, 4 Phlage, 4 Solitude, 3 mainboard Consign to Memory, 2 Strix Serenade, shell at 2 Consult, 2 Wrath, 1 Teferi and no Chant or Scepter.",
jeskai,Jeskai Control,modern-league-2026-06-0210628#Kurusu,mtgo,2026-06-02,Modern League,Kurusu,,different-deck,high,post,both,keep,exclude: another control deck on the shell,"Four-colour Omnath control (4 Omnath, Locus of Creation, 4 Wrenn and Six, 4 Leyline Binding, 3 Delighted Halfling, 2 Green Sun's Zenith, Nissa on Temple Garden, Breeding Pool, Zagoth Triome and Forest) that answers the rule on a single Galvanic Discharge; the store holds 36 more Omnath-plus-Wrenn lists, all unclassified.",
jeskai,Jeskai Control,modern-league-2026-06-0810628#Spezzagatti23,mtgo,2026-06-08,Modern League,Spezzagatti23,,different-deck,high,post,both,keep,exclude: another control deck on the shell,"The same Omnath control as 17257 card for card in the mainboard: 4 Omnath, 4 Wrenn and Six, 4 Leyline Binding, 3 Delighted Halfling, 2 Green Sun's Zenith, Nissa, one Galvanic Discharge.",
jeskai,Jeskai Control,melee:0c53c963-d989-430a-8e69-b4bb01230143,melee,2026-09-05,Spotlight Dallas,Nicklinger,,different-deck,high,post,both,keep,exclude: another control deck on the shell,"Registered as Four-Color Control and built as one: 4 Omnath, Locus of Creation and 4 Wrenn and Six on Temple Garden, Breeding Pool, Stomping Ground, Lush Portico, Hedge Maze and Forest, with Mana Leak over Counterspell; the full Consult shell sits under an Omnath engine no clean member runs.",
jeskai,Jeskai Control,modern-league-2026-09-0710983#DarthStone,mtgo,2026-09-07,Modern League,DarthStone,,different-deck,high,post,both,keep,exclude: another control deck on the shell,"Indomitable Creativity combo: 4 Creativity, 2 Dwarven Mine, Atraxa and Valgavoth as the hits, 3 Fable of the Mirror-Breaker, 3 Deduce, 2 Remand, with the shell held at 2 Consult and a single Wrath; the pilot's 14197 is the same Creativity deck and the store has 74 unclassified Creativity lists.",
jeskai,Jeskai Control,,mtgo,2026-02-07,Modern Challenge 64,Parrotlet,,hybrid,medium,pre,new,keep,pre-ban: no longer in the store,"Pre-ban four-colour Wrenn and Six control: 3 Wrenn and Six, 3 Terminus, 3 Brainsurge, Cosmic Rebirth and 2 Teferi, Hero of Dominaria on Temple Garden, Lush Portico, Hedge Maze and Boseiju, with no Narset, Day's Undoing or Counterspell and the signature at 2 Consult, 2 Wrath, 2 Discharge; the scoring pass did not flag it, but it is the same lineage as 3695 and 4076 and is one of only nine pre-ban members lacking all three consensus card-advantage pieces, five of them Parrotlet's.",
jeskai,Jeskai Control,,mtgo,2026-02-08,Modern Challenge 32,Parrotlet,,hybrid,medium,pre,new,keep,pre-ban: no longer in the store,"Pre-ban, the 5520 mainboard reshuffled (3 Wrenn and Six, 3 Terminus, 3 Brainsurge, Cosmic Rebirth, 2 Hero of Dominaria, Temple Garden, Lush Portico, Hedge Maze, Boseiju) with the shell at 2 Consult, 2 Wrath, 2 Discharge.",
jeskai,Jeskai Control,,mtgo,2026-02-14,Modern Challenge 32,Parrotlet,,hybrid,medium,pre,new,keep,pre-ban: no longer in the store,"Pre-ban, identical to 459 in both boards: 3 Wrenn and Six, 3 Terminus, 3 Brainsurge, Cosmic Rebirth on the green mana base, shell at 2 Consult, 2 Wrath, 2 Discharge.",
jeskai,Jeskai Control,,mtgo,2026-02-28,Modern Challenge 32,Parrotlet,,hybrid,medium,pre,new,keep,pre-ban: no longer in the store,"Pre-ban, the same Wrenn and Six Terminus mainboard (3 Wrenn and Six, 3 Terminus, 3 Brainsurge, Cosmic Rebirth, 2 Hero of Dominaria) with 3 Ragavan in the sideboard, shell at 2 Consult, 2 Wrath, 2 Discharge.",
jeskai,Jeskai Control,,mtgo,2026-05-09,Modern Challenge 32,Parrotlet,,hybrid,medium,pre,new,keep,pre-ban: no longer in the store,"Pre-ban, the last Terminus build before the pilot's Omnath lists: 3 Wrenn and Six, 3 Terminus, 3 Brainsurge, 2 Erode, Hallowed Moonlight on Temple Garden, Lush Portico and Hedge Maze, with a single Consult the Star Charts and 2 Wrath, 2 Discharge.",
jeskai,Jeskai Control,modern-challenge-32-2026-06-0712843808#Parrotlet,mtgo,2026-06-07,Modern Challenge 32,Parrotlet,,hybrid,medium,post,both,keep,"exclude: hybrid brew, out for now","Keeps Chant, Solitude, Teferi, Wrath and Scepter but bolts on the Omnath engine (2 Omnath, 3 Wrenn and Six, 3 Delighted Halfling, Tamiyo, Erode) on Temple Garden, Breeding Pool, Lush Portico and Boseiju with only 2 Consult and 2 Discharge; ruled hybrid rather than different-deck because the control shell is still most of the list, but it goes out with the Wrenn and Six exclusion either way.",
jeskai,Jeskai Control,modern-league-2026-06-0810628#Niko237,mtgo,2026-06-08,Modern League,Niko237,,hybrid,medium,post,both,keep,"exclude: hybrid brew, out for now","First build of the same Saheeli combo shell: 3 Saheeli Rai, 3 Felidar Guardian, 2 Fable of the Mirror-Breaker, 2 Reprieve with 2 mainboard Wrath; the pilot's later 21138 is a plain Esper control with no combo, so the package is a deliberate deck and not a one-off splash.",
jeskai,Jeskai Control,modern-league-2026-07-1910847#Niko237,mtgo,2026-07-19,Modern League,Niko237,,hybrid,medium,post,both,keep,"exclude: hybrid brew, out for now","Jeskai Saheeli: the full Chant, Consult, Teferi, Discharge shell with a ten-slot combo package of 3 Saheeli Rai, 3 Felidar Guardian, 2 Fable of the Mirror-Breaker and 2 Reprieve that no other member runs and that would distort the threat and card-advantage slots.",
jeskai,Jeskai Control,modern-league-2026-07-2110847#Niko237,mtgo,2026-07-21,Modern League,Niko237,,hybrid,medium,post,both,keep,"exclude: hybrid brew, out for now","Identical to 20240 in both boards: 3 Saheeli Rai, 3 Felidar Guardian, 2 Fable of the Mirror-Breaker, 2 Reprieve inside the control shell; two identical league rows are two lists, and both carry the same combo package.",
storm,Storm,,mtgo,2026-03-08,Modern Challenge 32,tao_bye_bye,,data-anomaly,high,pre,both,keep,pre-ban: no longer in the store,"Pre-ban; the store confirms a 65-card mainboard beside a 15-card sideboard, the only member outside 60-62, with 3 Thundertrap Trainer, Karn, the Great Creator, Narset, Parter of Veils and a Raucous Theater sitting on top of an otherwise stock Ruby Storm 60 (4 Ral, 4 Medallion, 3 Past in Flames, 3 Wish, 4 Impulse, 4 Resolve), so its copy counts would read wrong whether the extra five are a bleed or a deliberate 1-4 build.",
storm,Storm,melee:4abcc617-42ed-4952-b760-b4b30030027d,melee,2026-08-29,Spotlight Brisbane,EntreriArtemis,,data-anomaly,high,post,added,keep,exclude: 75-card mainboard,"Registered as Grixis Ruby Storm with 75 cards in the mainboard and an empty sideboard (Thoughtseize, Toxic Deluge, Vandalblast, Flusterstorm and Brotherhood's End sitting beside the 4 Ral, 4 Medallion, 4 Past in Flames engine), boards not separated; it matches the signature but is already outside the prepass population of 65 melee members, so this is a note for whatever filter left it out rather than a new quarantine row.",
storm,Storm,modern-league-2026-09-0310983#Nilsfit,mtgo,2026-09-03,Modern League,Nilsfit,,hybrid,high,post,both,keep,keep: a Storm build,"Post-ban; the Izzet Stormcatch shell (4 Preordain, 2 Stormcatch Mentor, 2 Sink into Stupor, 2 Flame of Anor, 4 Highway Robbery, Island and Flooded Strand, a Consign to Memory, Spell Snare and Flusterstorm sideboard) carrying 4 Ruby Medallion, 4 Ral and 3 Past in Flames with none of Wish, Reckless Impulse or Wrenn's Resolve, which every other post-ban member runs; it sits between the example and the unlabelled Izzet list 5274 (4 Mentor, 4 Flow State, no Medallion), so I rule hybrid over the prior's different-deck, since the Medallion ritual engine is real, but both passes are right that it belongs out.",
livingend,Temur Living End,modern-league-2026-05-1910628#Cagalli123,mtgo,2026-05-19,Modern League,Cagalli123,,hybrid,medium,post,both,keep,keep: a Living End build,"Post-ban (the day after the boundary, not the boundary day); the Temur cascade shell with 4 Violent Outburst plus the Sultai deck's 4 Overlord of the Balemurk, Troll of Khazad-dum, Halo Forager, Disciple of Freyalise and 2 Architects of Will on Watery Grave, Overgrown Tomb and Undercity Sewers.",
livingend,Temur Living End,modern-league-2026-06-1910628#RNicoF,mtgo,2026-06-19,Modern League,RNicoF,,hybrid,medium,post,both,keep,keep: a Living End build,"Post-ban; 4 Violent Outburst beside 4 Overlord of the Balemurk and 3 Architects of Will on Overgrown Tomb, Underground Mortuary and 3 Polluted Delta with no Oliphaunt, from a pilot who later registered both a clean Temur list (10795) and the non-member Sultai build (5230).",
livingend,Temur Living End,modern-challenge-64-2026-07-0412846489#Hravv,mtgo,2026-07-04,Modern Challenge 64,Hravv,,hybrid,high,post,both,keep,keep: a Living End build,"Post-ban; 4 Violent Outburst beside the Sultai build's defining pair, 4 Overlord of the Balemurk and 2 Formidable Speaker, on Watery Grave, Overgrown Tomb, Undercity Sewers, Underground Mortuary and Polluted Delta, with no Oliphaunt or Street Wraith, from a pilot whose 7346 six weeks earlier was a clean Temur list.",
livingend,Temur Living End,melee:4abcf674-5e59-44f3-976b-b4b400be9f91,melee,2026-08-29,Spotlight Brisbane,marknorton,,hybrid,medium,post,both,keep,keep: a Living End build,"Post-ban; keeps the whole Temur cascade engine (4 Violent Outburst, 4 Shardless Agent, 3 Living End) but swaps the Temur cyclers for a black suite of 4 Deceit, 4 Troll of Khazad-dum, 2 Harvester of Misery and 2 Faerie Macabre over Watery Grave, Overgrown Tomb, Undercity Sewers and a Swamp, with no Oliphaunt, Street Wraith or Wistfulness; I rule hybrid over the new pass's different-deck because it lacks the Sultai deck's Formidable Speaker and Overlord of the Balemurk, so it is neither deck's build and would distort Temur's cycler readings.",
